Alabama,Montgomery,Huntsville,Birmingham
Alaska,Juneau,Anchorage,Fairbanks
Arizona,Phoenix,Tucson,Mesa
Arkansas,Little Rock,Fort Smith,Springdale
California,Sacramento,Los Angeles,San Diego
Colorado,Denver,Colorado Springs,Fort Collins
Connecticut,Hartford,Bridgeport,New Haven
Delaware,Dover,Wilmington,Newark
Florida,Tallahassee,Miami,Tampa
Georgia,Atlanta,Augusta,Savannah
Hawaii,Honolulu,Pearl City,Kailua
Idaho,Boise,Nampa,Meridian
Illinois,Springfield,Chicago,Aurora
Indiana,Indianapolis,Fort Wayne,Evansville
Iowa,Des Moines,Cedar Rapids,Davenport
Kansas,Topeka,Wichita,Kansas City
Kentucky,Frankfort,Louisville,Lexington
Louisiana,Baton Rouge,New Orleans,Lafayette
Maine,Augusta,Portland,Lewiston
Maryland,Annapolis,Baltimore,Frederick
Massachusetts,Boston,Worcester,Springfield
Michigan,Lansing,Detroit,Warren
Minnesota,Saint Paul,Minneapolis,Duluth
Mississippi,Jackson,Gulfport,Hattiesburg
Missouri,Jefferson City,St. Louis,St. Joseph
Montana,Helena,Billings,Missoula
Nebraska,Lincoln,Ohama,Bellevue
Nevada,Carson City,Las Vegas,Reno
New Hampshire,Concord,Manchester,Nashua
New Jersey,Trenton,Jersey City,Paterson
New Mexico,Santa Fe,Albuquerque,Las Cruces
New York,Albany,New York City,Rochester
North Carolina,Raleigh,Charlotte,Durham
North Dakota,Bismarck,Fargo,Minot
Ohio,Columbus,Cleveland,Cincinnati
Oklahoma,Oklahoma City,Tulsa,Norman
Oregon,Salem,Eugene,Gresham
Pennsylvania,Harrisburg,Philadelphia,Pittsburgh
Rhode Island,Providence,Warwick,Cranston
South Carolina,Columbia,Charleston,New Charleston
South Dakota,Pierre,Siouz Falls,Brookings
Tennessee,Nashville,Memphis,Knoxville
Texas,Austin,Houston,Dallas
Utah,Salt Lake City,West Valley City,Provo
Vermont,Montpelier,Burlington,Rutland
Virginia,Richmond,Norfolk,Richmond
Washington,Olympia,Seattle,Tacoma
West Virginia,Charleston,Huntingto,Morgantown
Wisconsin,Madison,Green Bay,Kenosha
Wyoming,Cheyenne,Casper,Laramie
